address,currency,price,expenses,size,bedrooms,bathrooms,listing_url,website,url,description,timestamp,price_total_usd
"JOSE EVARISTO URIBURU Y AV SANTA FE 1°
                , CABA, Argentina",$,1000000.0,398000.0,141.0,3,3.0,https://www.argenprop.com/departamento-en-alquiler-en-barrio-norte-4-ambientes--17392391,argenprop,https://www.argenprop.com/inmuebles/alquiler/belgrano-o-br-norte-o-palermo/3-dormitorios-o-4-dormitorios-o-5-o-mas-dormitorios?pagina-1,"Semipiso 4 ambientes con dependencia. Frente. 148 m2. Impecable. Balcon corrido aterrazado. Todo sol. Doble entrada. Doble circulacion. Living y comedor. Baño completo + toilette con ducha. Gran cocina completa. 6 placards. Servicios centrales. Lavadero independiente cubierto. Pisos de parquet. Edificio de 8 pisos, ascensor.

Expensas: $ 398.000.-

No acepta mascotas

entre av. Santa fe y marcelo",2025-08-03 15:00:24.641432,1165.0
"Av Santa Fe 3500, CABA, Argentina",$,1250000.0,194000.0,,3,2.0,https://www.argenprop.com/departamento-en-alquiler-en-botanico-4-ambientes--11112406,argenprop,https://www.argenprop.com/inmuebles/alquiler/belgrano-o-br-norte-o-palermo/3-dormitorios-o-4-dormitorios-o-5-o-mas-dormitorios?pagina-1,"Señorial edificio francés. Integramente refaccionado, renovado y reciclado, con materiales de época. Excelente departamento al frente, 95m2. Apto profesional. Se ha preservado el estilo original.  Plastificado a nuevo en los dormitorios. Living , comedor, pasillo, cocina, baños y balcones vitrificados. Amplio living comedor con recepción y balcón a la av. Santa fe.  Agua caliente y calefacción",2025-08-03 15:00:24.642596,1203.3333333333335
"ARENALES 3768  cochera fija , CABA, Argentina",$,1400000.0,211000.0,100.0,3,3.0,https://www.argenprop.com/departamento-en-alquiler-en-botanico-4-ambientes--17716529,argenprop,https://www.argenprop.com/inmuebles/alquiler/belgrano-o-br-norte-o-palermo/3-dormitorios-o-4-dormitorios-o-5-o-mas-dormitorios?pagina-1,"Super luminoso   excelente ubicación en el corazón de palermo 
bajas expensas  
a 1   cuadra de  av sta fe ,y del subte linea d  d  .A media cuadra scalabrini ortiz .
A pocas cuadras del shopping alto palermo  cercano a variados comercios y transportes 
cuenta con cochera y pileta con solarium   

el departamento  se encuentra al contrafrente , super tranquilo y muy luminoso
se entrega recién",2025-08-03 15:00:24.652951,1342.5
"ARAOZ 2900, CABA, Argentina",$,1200000.0,303200.0,92.0,3,,https://www.argenprop.com/departamento-en-alquiler-en-palermo-4-ambientes--17131986,argenprop,https://www.argenprop.com/inmuebles/alquiler/belgrano-o-br-norte-o-palermo/3-dormitorios-o-4-dormitorios-o-5-o-mas-dormitorios?pagina-1,"Edificio en esquina. Todos sus ambientes son externos, piso alto. Cerca de varias lineas de colectivos y a una cuadra de la plaza coronel díaz. Consta de; living comedor, tres dormitorios , un baño completo y un toilette , en el area de servicio; consta de , cocina , lavadero , dependencia de servicio con su correspondiente baño. Los servicios son centrales, el agua caliente por caldera y la",2025-08-03 15:00:24.655131,1252.6666666666667
"Marcelo T de Alvear 1640 5º A
                , CABA, Argentina",$,990000.0,180000.0,93.0,3,3.0,https://www.argenprop.com/departamento-en-alquiler-en-barrio-norte-4-ambientes--17660675,argenprop,https://www.argenprop.com/inmuebles/alquiler/belgrano-o-br-norte-o-palermo/3-dormitorios-o-4-dormitorios-o-5-o-mas-dormitorios?pagina-1,"Luminoso departamento de 4 ambientes en excelente ubicación
puerta blindada y doble circulación
amplio living - comedor con acceso a balcón al frente
cocina completa renovada con conexión para lavarropas
lavadero con baño de servicio.
3 dormitorios con placards de piso a techo. Dormitorio ppal. Con acceso a balcón.
Baño ppal. Con bañera
toilette

la información gráfica y escrita contenida en el",2025-08-03 15:00:24.659618,975.0
"Olazabal al 2800
                , CABA, Argentina",$,1400000.0,310000.0,100.0,3,,https://www.argenprop.com/departamento-en-alquiler-en-belgrano-5-ambientes--17879023,argenprop,https://www.argenprop.com/inmuebles/alquiler/belgrano-o-br-norte-o-palermo/3-dormitorios-o-4-dormitorios-o-5-o-mas-dormitorios?pagina-2,"En el corazon de belgrano piso 17 con toda la vista y sol. Amplio living- comedor a balcón, escritorio o cuarto dormitorio, tres dormitorios todos externo, cocina office y lavadero, baño completo y toilette. Expensas $ 310.000 (aysa incluida) abl $ 44.000.",2025-08-03 15:00:30.784073,1425.0
"Olazabal 2000, CABA, Argentina",$,1150000.0,200000.0,90.0,3,2.0,https://www.argenprop.com/departamento-en-alquiler-en-belgrano-barrancas-4-ambientes--17292864,argenprop,https://www.argenprop.com/inmuebles/alquiler/belgrano-o-br-norte-o-palermo/3-dormitorios-o-4-dormitorios-o-5-o-mas-dormitorios?pagina-2,"Departamento de 3 amb con dependencia y cochera cubierta en olazabal 2046 piso 2 contrafrente. El departamento cuenta con 2 entradas, una principal y otra de servicio, cocina con comedor diario, lavadero independiente, dormitorio de servicio con baño, living comedor con salida al balcón con una hermosa vista, 2 dormitorios comedor con placard, y baño completo, con cochera cubierta. 
El edificio",2025-08-03 15:00:30.786237,1125.0
"Paraguay 3300, CABA, Argentina",$,750000.0,140000.0,90.0,3,2.0,https://www.argenprop.com/departamento-en-alquiler-en-palermo-chico-4-ambientes--17615567,argenprop,https://www.argenprop.com/inmuebles/alquiler/belgrano-o-br-norte-o-palermo/3-dormitorios-o-4-dormitorios-o-5-o-mas-dormitorios?pagina-2,"Palermo,
 departamento 4 ambientes de 90metros cuadrados en muy buen estado,
living comedor 
cocina central con muebles de alto y bajo mesada.
Habitación principal con placard.
Baño completo.
2 habitación con placard.
3 habitación con mueble repisa y lugar de guardado.
Pisos de parquet.
2 baño con ducha.
Alquiler hasta 24 meses.
Garantía de caucion o garantia propietaria.
Aumento trimestral",2025-08-03 15:00:30.790659,741.6666666666666
"Arenales 2500, CABA, Argentina",$,1299000.0,250000.0,110.0,3,2.0,https://www.argenprop.com/departamento-en-alquiler-en-recoleta-4-ambientes--17461363,argenprop,https://www.argenprop.com/inmuebles/alquiler/belgrano-o-br-norte-o-palermo/3-dormitorios-o-4-dormitorios-o-5-o-mas-dormitorios?pagina-2,"Alquiler departamento 4 ambientes con dependencia en zona universidades y clínicas.

 ¡Ideal estudiantes y extranjeros en recoleta! Amplio departamento de 4 ambientes con dependencia.

 Descubre este cómodo y funcional departamento de 4 ambientes, estratégicamente ubicado en el corazón de recoleta, a pasos de las principales universidades y centros de salud de la zona. Perfecto para estudiantes y",2025-08-03 15:00:30.791716,1290.8333333333333
"Azcuénaga 1000, CABA, Argentina",$,1300000.0,299000.0,100.0,3,2.0,https://www.argenprop.com/departamento-en-alquiler-en-barrio-norte-4-ambientes--17525312,argenprop,https://www.argenprop.com/inmuebles/alquiler/belgrano-o-br-norte-o-palermo/3-dormitorios-o-4-dormitorios-o-5-o-mas-dormitorios?pagina-2,"Espectacular 4 ambientes amoblado al frente con balcón, living con salida al balcón, cocina a gas natural con comedor, muebles completos y lavadero,  dos baños  y un toilette, dormitorios con placard, muy luminoso y soleado, ubicado entre la av. Santa fe y marcelo t. Alvear.
Alquiler mínimo por 3 meses y 1 año ajustado.

Abl $62.580 
aysa $39430

se ha incluido un video recorrido a este anuncio",2025-08-03 15:00:30.800335,1332.5
"Presidente José Evaristo Uriburu 1000
                , CABA, Argentina",$,1100000.0,406050.0,110.0,3,,https://www.argenprop.com/departamento-en-alquiler-en-recoleta-4-ambientes--17783029,argenprop,https://www.argenprop.com/inmuebles/alquiler/belgrano-o-br-norte-o-palermo/3-dormitorios-o-4-dormitorios-o-5-o-mas-dormitorios?pagina-3,"Amplio departamento de 4 ambientes en semipiso, luminoso, con pisos de roble, en buen estado de conservación.
Ubicado en pleno corazón de barrio norte, a solo media cuadra de la avenida santa fe. Próximo a comercios, estacionamientos privados y universidades.

Palier semi privado con entrada principal y de servicio, amplio hall de recepción (4.60 x 4.40 m) con baño toilette, cocina con comedor de",2025-08-03 15:00:36.677915,1255.0416666666665
"Thames 2400
                , CABA, Argentina",$,1600000.0,197000.0,93.0,3,,https://www.argenprop.com/departamento-en-alquiler-en-palermo-5-ambientes--17304184,argenprop,https://www.argenprop.com/inmuebles/alquiler/belgrano-o-br-norte-o-palermo/3-dormitorios-o-4-dormitorios-o-5-o-mas-dormitorios?pagina-4,"Alquiler - excelente departamento 5 ambientes ubicado en palermo - cuenta con: 3 dormitorios amplios con placard y sobreplacard - living - comedor - palier privado - dependencia o escritorio - baño con sanitarios completos, espejo y lavamanos - toilette - lavadero - cochera fija con rampa - baulera en el ultimo piso.
Edificio de 14 pisos con 2 departamentos por piso - salón común - personal de",2025-08-03 15:00:43.011561,1497.5
"Avenida Santa Fe e/ Bonpland y Ángel Justiniano Carranza
                , CABA, Argentina",USD,1200.0,120000.0,106.0,3,2.0,https://www.argenprop.com/departamento-en-alquiler-en-palermo-hollywood-4-ambientes--15522730,argenprop,https://www.argenprop.com/inmuebles/alquiler/belgrano-o-br-norte-o-palermo/3-dormitorios-o-4-dormitorios-o-5-o-mas-dormitorios?pagina-5,"_ Departamento de tres dormitorios en alquiler ubicado sobre avenida santa fe entre bonpland y ángel justiniano carranza (palermo hollywood, buenos aires). Desarrollado en piso bajo por ascensor, con disposición frente y orientación al oeste.
_ El mismo posee cocina comedor independiente equipada con muebles sobre y bajo mesada, living comedor, toilette, tres dormitorios con placard empotrado y",2025-08-03 15:01:35.430913,1300.0
"Blanco Encalada 1700, CABA, Argentina",$,1150000.0,411255.0,100.0,3,,https://www.argenprop.com/departamento-en-alquiler-en-belgrano-4-ambientes--16753998,argenprop,https://www.argenprop.com/inmuebles/alquiler/belgrano-o-br-norte-o-palermo/3-dormitorios-o-4-dormitorios-o-5-o-mas-dormitorios?pagina-5,"Amplio panoramico, vista a la ciudad, 4 ambientes amplios 108 m2, el tercer dormitorio hoy esta abierto a cocina como comedor diario, se entrega cerrado como dormitorio el cual conserva gran placard y tiene aire split.Cochera fija cubierta en subsuelo, todos los dormitorios con amplios placards, dos de ellos con aire, pisos de parquet plastificados, recien pintado, cocina y comedor diario ,",2025-08-03 15:01:35.445081,1301.0458333333333
"Avenida Raúl Scalabrini Ortiz 1100, CABA, Argentina",$,1350000.0,178000.0,104.0,4,,https://www.argenprop.com/ph-en-alquiler-en-palermo-5-ambientes--17878131,argenprop,https://www.argenprop.com/inmuebles/alquiler/belgrano-o-br-norte-o-palermo/3-dormitorios-o-4-dormitorios-o-5-o-mas-dormitorios?pagina-5,"Unidad al frente en edificio ph , 1er x escalera.
Excelente estado gral.
Recién pintado de color blanco.
4 dormitorios.
1 baño completo + 2do baño tipo toilette.
Balcon corrido.
Todo luz y sol.
Horno cocina a estrenar.
Patio propio , conexión para lavarropas.
2 unidades x piso.
Para agendar entrevista comunicarse telef con inmobiliaria ariel :",2025-08-03 15:01:35.446196,1273.3333333333333
"Angel Carranza 2300, CABA, Argentina",$,1100000.0,236000.0,100.0,3,,https://www.argenprop.com/departamento-en-alquiler-en-barrio-norte-4-ambientes--17768588,argenprop,https://www.argenprop.com/inmuebles/alquiler/belgrano-o-br-norte-o-palermo/3-dormitorios-o-4-dormitorios-o-5-o-mas-dormitorios?pagina-5,"Carranza 2347
amplios ambientes
cocina amplia
lavadero independiente
baño completo y toilette
mucho espacio de guardado
placard en todos los dormitorios
excelente estado
mucha luz y sol directo

schwartz estudio inmobiliario
j. Alvarez 2410 caba - 1425
48 21 - 22 00 w w w . S c h w a r t z . C o m . A r
ii5060.6378whatsapp

art. 4° - hacer constar en todo ofrecimiento publicitario de locación de",2025-08-03 15:01:35.449109,1113.3333333333333
"San Benito De Palermo 1600, CABA, Argentina",$,1000000.0,260000.0,95.0,3,2.0,https://www.argenprop.com/departamento-en-alquiler-en-belgrano-4-ambientes--17739487,argenprop,https://www.argenprop.com/inmuebles/alquiler/belgrano-o-br-norte-o-palermo/3-dormitorios-o-4-dormitorios-o-5-o-mas-dormitorios?pagina-7,"[Mel-12275]

luminoso 4 ambientes con dependencia y dos baños en excelente ubicación
amplio departamento de 4 ambientes ubicado en un contrafrente abierto y muy luminoso. La unidad cuenta con un cómodo living comedor con salida a balcón, tres dormitorios bien ventilados con placard empotrado, y un cuarto ambiente ideal para escritorio o dependencia.
La cocina es independiente, equipada con muebles",2025-08-03 15:01:53.576043,1050.0
"Scalabrini Ortiz 3000, CABA, Argentina",$,1200000.0,450000.0,120.0,3,,https://www.argenprop.com/departamento-en-alquiler-en-botanico-4-ambientes--17210531,argenprop,https://www.argenprop.com/inmuebles/alquiler/belgrano-o-br-norte-o-palermo/3-dormitorios-o-4-dormitorios-o-5-o-mas-dormitorios?pagina-7,"Scalabrini ortiz 3066 piso 2 b ,contrafrente, amplio living  comedor. 3 dormitorios, cocina comedor  baño principal  2 toilette, lavadero,, balcón. Se requiere garante propietario o seguro de caución ,ingresos acordes comprobables,  
 un mes anticipado por alquiler, más 2 meses en depósito por garantía. 
Precio del alquiler mensual $ 1.200.000 expensas $ 450.000 
no tiene cochera 
no se aceptan",2025-08-03 15:01:53.577260,1375.0
"Billinghurst  al 1600
                , CABA, Argentina",$,1450000.0,225000.0,95.0,4,2.0,https://www.argenprop.com/departamento-en-alquiler-en-recoleta-5-ambientes--17825955,argenprop,https://www.argenprop.com/inmuebles/alquiler/belgrano-o-br-norte-o-palermo/3-dormitorios-o-4-dormitorios-o-5-o-mas-dormitorios?pagina-7,"Excelente departamento de 5 ambientes en alquiler en el barrio de recoleta
- ubicado en planta baja.
- Apto profesional.
- Para consultorio u oficinas.
- Patio.
- Cocina independiente.
- Recepción y 4 habitaciones.
- Excelente ubicación: a 1 cuadra de av. Santa fe, a 1 cuadra de av. Conorel diaz. A 3 cuadras de la estación de subte b (bulnes) y 4 cuadras de la estación de subte b (aguero). A 3",2025-08-03 15:01:53.579481,1395.8333333333333
"Talcahuano al 1200
                , CABA, Argentina",$,1300000.0,250000.0,116.0,3,,https://www.argenprop.com/departamento-en-alquiler-en-barrio-norte-4-ambientes--17152117,argenprop,https://www.argenprop.com/inmuebles/alquiler/belgrano-o-br-norte-o-palermo/3-dormitorios-o-4-dormitorios-o-5-o-mas-dormitorios?pagina-8,"4 ambientes  unicos en lo mejor de recoleta    

frente balcon corrido de categoría  living de grandes dimensiones. 3 dormitorios (2 muy amplios y el 3o más pequeño).

Cocina y comedor diario lavadero cubierto. Baño cpto y toilette. Recien pintado. Dep/serv c/entrada popia - persianas con motor.
A-acond split. Ambientes muy",2025-08-03 15:02:00.211567,1291.6666666666665
"Av Santa fe al 2100
                , CABA, Argentina",$,1100000.0,548992.0,146.0,4,4.0,https://www.argenprop.com/departamento-en-alquiler-en-recoleta-4-ambientes--17777766,argenprop,https://www.argenprop.com/inmuebles/alquiler/belgrano-o-br-norte-o-palermo/3-dormitorios-o-4-dormitorios-o-5-o-mas-dormitorios?pagina-11,"Apto credito  financiacion 
oportunidad  alquiler con opcion a compra.
Piso alto! 
Imperdible venta de 4 o 5 ambientes con dependencia
piso completo con 2 ascensores.
Living comedor apaisado todo al frente del edificio con salida a balcón corrido y vista hacia av. Santa fe
los dormitorios al contra frente con salida a balcón, muy luminosos.
Doble circulación
pisos de madera
cocina amplia con mucha",2025-08-03 15:02:59.872438,1374.1599999999999
"Santa Fe 1700
                , CABA, Argentina",$,1200000.0,400000.0,100.0,4,,https://www.argenprop.com/departamento-en-alquiler-en-barrio-norte-5-ambientes--17824243,argenprop,https://www.argenprop.com/inmuebles/alquiler/belgrano-o-br-norte-o-palermo/3-dormitorios-o-4-dormitorios-o-5-o-mas-dormitorios?pagina-11,"Departamento en señorial edificio de estilo. Seguridad 24 hs. Inmejorable ubicación. Se ingresa por un hall de entrada de 3x4 m a un living de 5,50x3 m. Con 4 dormitorios (3 de 4x3 m y otro de 3x3 m.) Cocina comedor de 3,50x3,50 m.",2025-08-03 15:02:59.880267,1333.3333333333333
"AZCUÉNAGA 1200, CABA, Argentina",$,900000.0,225000.0,105.0,3,,https://www.argenprop.com/departamento-en-alquiler-en-recoleta-4-ambientes--17327384,argenprop,https://www.argenprop.com/inmuebles/alquiler/belgrano-o-br-norte-o-palermo/3-dormitorios-o-4-dormitorios-o-5-o-mas-dormitorios?pagina-15,"Barrio norte,  azcuénaga  al 1200, a mts de santa fe, planta baja, 4 ambientes con dependencia, 125 m2 cubiertos,y total 138 m2,contra frente, gran living comedor, 3 dormitorios, cocina a nuevo, baño, toil,patio (lavadero), patio balcón,con acceso a patio común, con palmeras, impecable estado, piso parquet,  expensas $225.000.
Consultas al / / chmiel propiedades, matienzo 1855, caba,",2025-08-03 15:03:27.390730,937.5
"Marcelo T De Alvear 2000, CABA, Argentina",$,1150000.0,260000.0,94.0,3,2.0,https://www.argenprop.com/departamento-en-alquiler-en-recoleta-4-ambientes--17333919,argenprop,https://www.argenprop.com/inmuebles/alquiler/belgrano-o-br-norte-o-palermo/3-dormitorios-o-4-dormitorios-o-5-o-mas-dormitorios?pagina-15,"[Peiran-135]

departamento 4 ambientes 3 dormitorios 2 baños cochera fija cubierta

el departamento se ubica en el sexto piso exclusivamente con palier privado, doble entrada al departamento, ingreso principal a hall de entrada, amplio living comedor, cocina y comedor diario con doble circulacion, hall de distribucion a dependencia con toilete, espacio para lavadero, hall de distribucion a",2025-08-03 15:03:27.391833,1175.0
"Av Santa Fe al 3000
                , CABA, Argentina",$,900000.0,520000.0,94.0,3,3.0,https://www.argenprop.com/departamento-en-alquiler-en-recoleta-4-ambientes--17571628,argenprop,https://www.argenprop.com/inmuebles/alquiler/belgrano-o-br-norte-o-palermo/3-dormitorios-o-4-dormitorios-o-5-o-mas-dormitorios?pagina-16,"Departamento de 3 ambientes + dependencia. Se encuentra ubicado, en una de las áreas más privilegiadas de la ciudad de buenos aires,  semipiso, con palier semi privado y entrada de servicio. 
Gran living comedor, al frente piso alto, muy luminoso. Suite con balcon aterrazado, 2do dormitorio al contrafrente y 2do baño completo. Comoda cocina con comedor diario y dependencia de servicio y lavadero.",2025-08-03 15:03:34.124388,1183.3333333333333
"Jeronimo Salguero 1100, CABA, Argentina",$,1400000.0,280000.0,125.0,4,3.0,https://www.argenprop.com/departamento-en-alquiler-en-palermo-5-ambientes--17347284,argenprop,https://www.argenprop.com/inmuebles/alquiler/belgrano-o-br-norte-o-palermo/3-dormitorios-o-4-dormitorios-o-5-o-mas-dormitorios?pagina-16,"Excelente duplex de 4 ambientes + dependencia o escritorio , edificio en esquina con balcon terraza , excelente luminosidad y vista abierta .

Duplex en la 1° planta esta el living comedor , con puertas ventanas con acceso al balcon , cocina independiente con muy buen espacio de guardado y acceso al balcon , antebaño y toillete , habitacion de servicio o escritorio con acceso independiente y baño",2025-08-03 15:03:34.125500,1400.0
"Avenida Santa Fe 3500
                , CABA, Argentina",$,1200000.0,400000.0,120.0,3,3.0,https://www.argenprop.com/departamento-en-alquiler-en-palermo-4-ambientes--17593423,argenprop,https://www.argenprop.com/inmuebles/alquiler/belgrano-o-br-norte-o-palermo/3-dormitorios-o-4-dormitorios-o-5-o-mas-dormitorios?pagina-17,"Corredor responsable: jorge salafia cucicba 5666 / csi 5888 - 
contacto: natalia marini
alquiler dpto 4 ambientes en palermo

departamento de 4 ambientes ubicado en avenida santa fe, entre julián alvarez y jeronimo salguero, palermo, excelente ubicación.

El departamento cuenta con:
cocina
living
tres dormitorios
dos baños completos
balcón
habitación de servicio

detalles:
piso parquet de",2025-08-03 15:03:40.195680,1333.3333333333333
"Avenida Santa Fe al 3100
                , CABA, Argentina",USD,1200.0,300000.0,130.0,4,,https://www.argenprop.com/departamento-en-alquiler-en-recoleta-5-ambientes--17610071,argenprop,https://www.argenprop.com/inmuebles/alquiler/belgrano-o-br-norte-o-palermo/3-dormitorios-o-4-dormitorios-o-5-o-mas-dormitorios?pagina-17,"Nos situamos en la av. Santa fe y sanchez de bustamante, en el barrio de recoleta. Ubicación estratégica, con acceso a múltiples medios de transportes (linea d de subte), a metros de av. Córdoba y de la av. Coronel diaz.  A 2 cuadras del shopping alto palermo. Cerca de varias instituciones educativas.
El edificio es de excelente categoría, tiene encargado con vivienda y servicios centrales. El la",2025-08-03 15:03:40.205678,1450.0
"General Lucio Mansilla al 2600
                , CABA, Argentina",USD,1190.0,300000.0,112.0,3,,https://www.argenprop.com/departamento-en-alquiler-en-recoleta-5-ambientes--17630397,argenprop,https://www.argenprop.com/inmuebles/alquiler/belgrano-o-br-norte-o-palermo/3-dormitorios-o-4-dormitorios-o-5-o-mas-dormitorios?pagina-18,"Recoleta 4 ambientes con balcon. Cochera, baulera + dependencia de servicio
edificio con encargado.

Tercer piso al frente balcón corrido. Super luminoso (edificios bajos en su entorno).

Doble entrada: cocina y living.

Disposición: cocina comedor con entrada independiente.
Tiene un balcón interno a pulmón por el cual se accede al lavadero y a la habitación de servicio con su baño (puede ser",2025-08-03 15:03:45.675170,1440.0
"General Ramon Freire 2100
                , CABA, Argentina",$,1200000.0,230000.0,108.0,3,1.0,https://www.argenprop.com/departamento-en-alquiler-en-belgrano-4-ambientes--17638523,argenprop,https://www.argenprop.com/inmuebles/alquiler/belgrano-o-br-norte-o-palermo/3-dormitorios-o-4-dormitorios-o-5-o-mas-dormitorios?pagina-18,"Alquiler departamento 4 ambientes en belgrano ""r"", capital federal

excelente departamento luminoso de 4 amb. Con dependencia. 3 dormitorios. 1 baños principal, 1 toilette y baño/dependencia. Baños y cocina ""vintage"". Contrafrente con vista a pulmón de manzana arbolado, muy calmo y tranquilo. De época, pisos de madera bien conservados. Edificio de 50 años. Cochera cubierta. Muy buena zona.",2025-08-03 15:03:45.677415,1191.6666666666667
"San Benito de Palermo al 1500 Piso 4º - Con cochera fija
                , CABA, Argentina",$,1500000.0,288000.0,96.0,3,3.0,https://www.argenprop.com/departamento-en-alquiler-en-las-canitas-4-ambientes--17657137,argenprop,https://www.argenprop.com/inmuebles/alquiler/belgrano-o-br-norte-o-palermo/3-dormitorios-o-4-dormitorios-o-5-o-mas-dormitorios?pagina-18,"Semipiso de 3 dormitorios en suite en alquiler en las cañitas / imprenta con cochera fija cubierta
cuarto piso al frente con balcón corrido. Living rectangular, toilette de recepción y 3 baños en cada dormitorio.
Cocina completa y lavadero independiente el depto.cuenta con  3 equipos de aire acondicionado tipo split.
Servicios de agua y calefacción individuales, caldera y termotanque.
Aysa x",2025-08-03 15:03:45.681713,1490.0
"AVDA SANTA FE 3400, CABA, Argentina",$,1300000.0,380000.0,110.0,3,,https://www.argenprop.com/departamento-en-alquiler-en-palermo-4-ambientes--17674010,argenprop,https://www.argenprop.com/inmuebles/alquiler/belgrano-o-br-norte-o-palermo/3-dormitorios-o-4-dormitorios-o-5-o-mas-dormitorios?pagina-18,"Excelente departamento de 3 dormitorios con dependencia y cochera.

Edificio en torre de categoría.

Muy buen estado.

Amplio living comedor al contra frente.

Dormitorios con placard.

Cocina office con muebles altos y bajos.

Lavadero.

Vigilancia las 24 hs.

Excelente ubicación por cercanía a medios de comunicación y centro comercial.

Las medidas son aproximadas y a solo efecto",2025-08-03 15:03:45.689627,1400.0
"Avenida Federico Lacroze al 1900
                , CABA, Argentina",$,1200000.0,200000.0,92.0,3,,https://www.argenprop.com/departamento-en-alquiler-en-belgrano-4-ambientes--17700715,argenprop,https://www.argenprop.com/inmuebles/alquiler/belgrano-o-br-norte-o-palermo/3-dormitorios-o-4-dormitorios-o-5-o-mas-dormitorios?pagina-19,"Semipiso de 4 ambientes o 3 ambientes con dependencia
al frente con balcon. Palier semiprivado.
98m2 totales - edificio antiguo. 
El depto esta recien pintado, cocina equipamiento y artefacto nuevo a estrenar.
Pisos de madera hidrolaqueados
agua caliente central, sin calefaccion
expensas $ 200.000 (junio2025)
orientacion este, super luminoso al frente
contrato 24 meses ajuste trimestral x",2025-08-03 15:03:50.548297,1166.6666666666667
"Junin 1000
                , CABA, Argentina",USD,1100.0,390000.0,90.0,3,3.0,https://www.argenprop.com/departamento-en-alquiler-en-recoleta-4-ambientes--17765927,argenprop,https://www.argenprop.com/inmuebles/alquiler/belgrano-o-br-norte-o-palermo/3-dormitorios-o-4-dormitorios-o-5-o-mas-dormitorios?pagina-21,"Semipiso en recoleta de 2 dormitorios, con 1 toilette y un baño completo. Posee dependencia de servicio con un tercer baño y lavadero independiente con espacio para lavarropas y freezer. 
Situado en el contrafrente, muy luminoso y silencioso. Los servicios son individuales. 
Excelentemente comunicado con todos los medios de transporte ya que está emplazado a metros de la av. Santa fe. 
Se alquila",2025-08-03 15:04:04.463030,1425.0
"Juncal 1600
                , CABA, Argentina",$,1390000.0,350000.0,91.0,3,2.0,https://www.argenprop.com/departamento-en-alquiler-en-recoleta-4-ambientes--17781814,argenprop,https://www.argenprop.com/inmuebles/alquiler/belgrano-o-br-norte-o-palermo/3-dormitorios-o-4-dormitorios-o-5-o-mas-dormitorios?pagina-22,"Corredor responsable: marcelo trujillo cucicba 6470 / cmcpdjlm 810 - 
contacto: fernando campitelli
el equipo re/max alquila este semipiso de cuatro ambientes ubicado en el primer piso al contrafrente, con cochera en recoleta. 

3 dormitorios, un baño completo y uno de los dormitorios cuenta con un toilette. 

Cocina independiente con entrada de servicio,  entre la cocina y el living hay un",2025-08-03 15:04:10.801556,1450.0
"Avenida Pueyrredón 1100, CABA, Argentina",$,1100000.0,216000.0,102.0,3,,https://www.argenprop.com/departamento-en-alquiler-en-barrio-norte-4-ambientes--17581297,argenprop,https://www.argenprop.com/inmuebles/alquiler/belgrano-o-br-norte-o-palermo/3-dormitorios-o-4-dormitorios-o-5-o-mas-dormitorios?pagina-23,"Av. Pueyrredón esq. Mansilla. Muy buen cuatro ambientes con dependencia de servicio en esquina. 102m2. Living comedor y un dormitorio sobre calle mansilla, dos dormitorios y dependencia sobre av. Pueyrredón. Piso alto con vista despejada. Sol de mañana. 
Hall de ingreso amplio a living comedor y cocina. Sector privado con placard en pasillo de distribución, toilette, baño completo y tres",2025-08-03 15:04:17.840881,1096.6666666666665
"De Cuba y Avenida Olazábal
                , CABA, Argentina",$,950000.0,190000.0,90.0,3,2.0,https://www.argenprop.com/departamento-en-alquiler-en-belgrano-4-ambientes--17799567,argenprop,https://www.argenprop.com/inmuebles/alquiler/belgrano-o-br-norte-o-palermo/3-dormitorios-o-4-dormitorios-o-5-o-mas-dormitorios?pagina-23,"_ Departamento de tres dormitorios en alquiler ubicado sobre calle de cuba y avenida olazábal (belgrano, ciudad autónoma de buenos aires). Desarrollado en piso alto por ascensor, con disposición frente y orientación al suroeste.
_ El mismo posee cocina equipada con muebles sobre y bajo mesada, living comedor, tres dormitorios con placard empotrado y dos baños completos. Luminoso, cuenta con balcón",2025-08-03 15:04:17.848755,950.0
"MENDOZA 3400, CABA, Argentina",$,1290000.0,290000.0,90.0,3,3.0,https://www.argenprop.com/departamento-en-alquiler-en-belgrano-r-4-ambientes--17813924,argenprop,https://www.argenprop.com/inmuebles/alquiler/belgrano-o-br-norte-o-palermo/3-dormitorios-o-4-dormitorios-o-5-o-mas-dormitorios?pagina-24,"Torre piso 13 con excelente vista desde todos los ambientes, 4 ambientes con dependencia y cochera en torre con cámaras de vigilancia, ubicado a media cuadra avenida melián en zona totalmente residencial y de embajadas. El departamento tiene pisos de madera, es super luminoso en todos los ambientes y todos son externos, tiene entrada principal y de servicio, doble circulación, amplio living",2025-08-03 15:04:24.140266,1316.6666666666667
"Junín e/ Avenida Santa Fe y Marcelo T de Alvear
                , CABA, Argentina",$,1000000.0,430000.0,98.0,3,2.0,https://www.argenprop.com/departamento-en-alquiler-en-recoleta-4-ambientes--17820529,argenprop,https://www.argenprop.com/inmuebles/alquiler/belgrano-o-br-norte-o-palermo/3-dormitorios-o-4-dormitorios-o-5-o-mas-dormitorios?pagina-24,"_ Departamento de tres dormitorios en alquiler ubicado sobre calle junín entre avenida santa fe y marcelo t. De alvear (recoleta, ciudad autónoma de buenos aires). Desarrollado en piso alto por ascensor, con disposición frente y orientación al sur.
_ El mismo posee cocina equipada con muebles sobre y bajo mesada, living comedor, tres dormitorios con placard empotrado y dos baños completos.",2025-08-03 15:04:24.148049,1191.6666666666667
"Jerónimo Salguero e/ Gelly y Castex
                , CABA, Argentina",$,1100000.0,380000.0,90.0,3,2.0,https://www.argenprop.com/departamento-en-alquiler-en-botanico-4-ambientes--17821369,argenprop,https://www.argenprop.com/inmuebles/alquiler/belgrano-o-br-norte-o-palermo/3-dormitorios-o-4-dormitorios-o-5-o-mas-dormitorios?pagina-24,"_ Departamento de tres dormitorios en alquiler ubicado sobre calle jerónimo salguero entre gelly y castex (palermo, ciudad autónoma de buenos aires). Desarrollado en segundo piso por ascensor, con disposición contra frente y orientación al sureste.
_ El mismo posee cocina equipada con muebles sobre y bajo mesada, living comedor, tres dormitorios con placard empotrado y dos baños completos.",2025-08-03 15:04:24.149136,1233.3333333333333
"Juncal 1100
                , CABA, Argentina",$,1300000.0,450000.0,134.0,3,3.0,https://www.argenprop.com/departamento-en-alquiler-en-recoleta-4-ambientes--17851648,argenprop,https://www.argenprop.com/inmuebles/alquiler/belgrano-o-br-norte-o-palermo/3-dormitorios-o-4-dormitorios-o-5-o-mas-dormitorios?pagina-25,"Corredor responsable: juan carlos treco cucicba 4037 / cmcpdjlm 740 - 
contacto: mauricio sorrento
departamento en alquiler en excelente ubicacion. 
4 ambientes con dependencia de servicio y cochera fija cubierta.

Living - comedor de gran amplitud apaisado con muy buena luminosidad y salida a balcón al frente.
Cuenta con doble circulación que conecta a los dormitorios y cocina. 
2 dormitorios",2025-08-03 15:04:30.397992,1458.3333333333333
"Juncal 3600
                , CABA, Argentina",$,1100000.0,350975.0,125.0,3,2.0,https://www.argenprop.com/departamento-en-alquiler-en-palermo-3-ambientes--17851694,argenprop,https://www.argenprop.com/inmuebles/alquiler/belgrano-o-br-norte-o-palermo/3-dormitorios-o-4-dormitorios-o-5-o-mas-dormitorios?pagina-25,"Corredor responsable: marcelo trujillo cucicba 6470 / cmcpdjlm 810 - 
contacto: rodrigo varela
alquiler dpto.  3 amb mas dependencia palermo


el equipo remax alquila excelente semipiso al frente con 3 ambientes mas dependencia o 4to. Ambiente con inmejorable ubicación (a 1 cuadra del jardín botánico).

Edificio de categoría, obra del arq. Dubourg (galerías alvear, claridge hotel, etc).

Muy buen",2025-08-03 15:04:30.399086,1209.1458333333333
"Avenida Luis María Campos 1100
                , CABA, Argentina",$,1400000.0,360000.0,108.0,3,2.0,https://www.argenprop.com/departamento-en-alquiler-en-palermo-4-ambientes--17898720,argenprop,https://www.argenprop.com/inmuebles/alquiler/belgrano-o-br-norte-o-palermo/3-dormitorios-o-4-dormitorios-o-5-o-mas-dormitorios?pagina-27,"Corredor responsable: juan francisco carattino cpi 5457 / cmcpsi 6787 - 
contacto: sol vazquez
dúplex de 3 dormitorios en alquiler – vista abierta, luz natural y excelente ubicación sobre av. Luis maría campos

av. Luis maría campos al 1000 – belgrano
 3 dormitorios |  2 baños + toilette |  dúplex 15° y 16° piso |  muy luminoso |  posibilidad de cochera

descubrí este espectacular departamento",2025-08-03 15:04:43.656653,1466.6666666666667
"Mariscal Antonio José de Sucre 2300
                , CABA, Argentina",$,1400000.0,370000.0,134.0,3,2.0,https://www.argenprop.com/departamento-en-alquiler-en-belgrano-4-ambientes--17898922,argenprop,https://www.argenprop.com/inmuebles/alquiler/belgrano-o-br-norte-o-palermo/3-dormitorios-o-4-dormitorios-o-5-o-mas-dormitorios?pagina-27,"Corredor responsable: veronica grela reina cucicba 4731 / cmcpsi  6470 - 
contacto: andres enrique stern
alquiler sobre la calle sucre al 2300, a pocos mts de la av cabildo, belgrano.
Ubicado en el 2do piso con balcon al frente.
Pisos recien pulidos, toda la unidad pintada.
4 ambientes , dependencia de servicio.
Amplio living , comedor diario o escritorio, salida al balcon, pisos de parquet en",2025-08-03 15:04:43.657773,1475.0
"Honduras al 6000
                , CABA, Argentina",$,1300000.0,350000.0,,3,,https://www.argenprop.com/departamento-en-alquiler-en-palermo-4-ambientes--17900251,argenprop,https://www.argenprop.com/inmuebles/alquiler/belgrano-o-br-norte-o-palermo/3-dormitorios-o-4-dormitorios-o-5-o-mas-dormitorios?pagina-27,"Complejo de 3 torres con reja perimetral, jardines, pileta, solarium, seguridad 24 horas
departamento al frente de 4 ambientes con cochera fija en primer subsuelo n 13, muy luminoso,orientacion norte muy buen estado, cocida y baños refaccionados, pisos  flotantes, serv ind 2 split frio calor, ventilador de techo, agua caliente central. Expensas $ 350000
hall 1x10
living comedor de 6,10x3,70/3 con",2025-08-03 15:04:43.659970,1375.0
"La Pampa 1800
                , CABA, Argentina",$,1200000.0,550000.0,,3,2.0,https://www.argenprop.com/departamento-en-alquiler-en-belgrano-barrancas--17907519,argenprop,https://www.argenprop.com/inmuebles/alquiler/belgrano-o-br-norte-o-palermo/3-dormitorios-o-4-dormitorios-o-5-o-mas-dormitorios?pagina-27,"Alquiler, barrancas de belgrano, la pampa al 1800, ms de barrancas, torre de categoría,vigilancia 24 hs., Cochera fija, palier privado,superficie. Total 104 m2, piso 6°, frente, balcón aterrazado, gran living comedor, 2 dormitorios c/ dependencia o 3er dormitorio con 2 baños completos,(1 suite), toilette, cocina con amoblamiento completo en u, losa radiante, 2 a/acondicionado, impecable estado.",2025-08-03 15:04:43.672053,1458.3333333333333
"Aguero Y Santa Fe
                , CABA, Argentina",$,1000000.0,350000.0,150.0,3,3.0,https://www.argenprop.com/departamento-en-alquiler-en-recoleta-4-ambientes--17908234,argenprop,https://www.argenprop.com/inmuebles/alquiler/belgrano-o-br-norte-o-palermo/3-dormitorios-o-4-dormitorios-o-5-o-mas-dormitorios?pagina-27,"Departamento dúplex 4to y 5to piso, de estilo en recoleta.
Living. Comedor. 2 dormitorios. Estudio o 3er
dormitorio. 2 baños. Cocina. Lavadero. Comedor diario o dependencia de servicio con 3er baño.
Zona agüero y santa fé.",2025-08-03 15:04:43.677784,1125.0
